Campaign,Ad Group,Keyword,Criterion Type,Ad type,Final URL,Path 1,Path 2,Headline 1,Headline 2,Headline 3,Headline 4,Headline 5,Headline 6,Headline 7,Headline 8,Description 1,Description 2
SIBRAP - Apostilas Concursos Municipais,Sao Jose - Aux Educ Especial,,,,,,,,,,,,,,,,
SIBRAP - Apostilas Concursos Municipais,Sao Jose - Aux Educ Especial,apostila concurso São José,Phrase,,,,,,,,,,,,,,
SIBRAP - Apostilas Concursos Municipais,Sao Jose - Aux Educ Especial,apostila São José auxiliar de educação especial,Phrase,,,,,,,,,,,,,,
SIBRAP - Apostilas Concursos Municipais,Sao Jose - Aux Educ Especial,concurso São José SC edital,Phrase,,,,,,,,,,,,,,
SIBRAP - Apostilas Concursos Municipais,Sao Jose - Aux Educ Especial,concurso São José auxiliar de educação especial,Phrase,,,,,,,,,,,,,,
SIBRAP - Apostilas Concursos Municipais,Sao Jose - Aux Educ Especial,apostila concurso São José SC,Exact,,,,,,,,,,,,,,
SIBRAP - Apostilas Concursos Municipais,Sao Jose - Aux Educ Especial,edital São José 2026,Phrase,,,,,,,,,,,,,,
SIBRAP - Apostilas Concursos Municipais,Sao Jose - Aux Educ Especial,,,Responsive search ad,https://sibrap.tec.br/apostilas/sao-jose-auxiliar-educacao-especial,apostila,são-josé,Apostila Concurso São José,Concurso São José SC 2026,Estude p/ Concurso São José,Questões Comentadas + Simulado,"A partir de R$ 24,90","Pagamento Único, Sem Mensal.",Prova em 01/11,Teoria na Ordem do Edital,Apostila em PDF com questões comentadas e simulado online. Prova em 01/11.,"Teoria na ordem do edital, com dicas e resumos. Download liberado após pagamento por PIX."
SIBRAP - Apostilas Concursos Municipais,Chapeco - Atendente Cidadao,,,,,,,,,,,,,,,,
SIBRAP - Apostilas Concursos Municipais,Chapeco - Atendente Cidadao,apostila concurso Chapecó,Phrase,,,,,,,,,,,,,,
SIBRAP - Apostilas Concursos Municipais,Chapeco - Atendente Cidadao,apostila Chapecó atendente de central do cidadão,Phrase,,,,,,,,,,,,,,
SIBRAP - Apostilas Concursos Municipais,Chapeco - Atendente Cidadao,concurso Chapecó SC edital,Phrase,,,,,,,,,,,,,,
SIBRAP - Apostilas Concursos Municipais,Chapeco - Atendente Cidadao,concurso Chapecó atendente de central do cidadão,Phrase,,,,,,,,,,,,,,
SIBRAP - Apostilas Concursos Municipais,Chapeco - Atendente Cidadao,apostila concurso Chapecó SC,Exact,,,,,,,,,,,,,,
SIBRAP - Apostilas Concursos Municipais,Chapeco - Atendente Cidadao,edital Chapecó 2026,Phrase,,,,,,,,,,,,,,
SIBRAP - Apostilas Concursos Municipais,Chapeco - Atendente Cidadao,,,Responsive search ad,https://sibrap.tec.br/apostilas/chapeco-atendente-central-cidadao,apostila,chapecó,Apostila Concurso Chapecó,Concurso Chapecó SC 2026,Estude p/ Concurso Chapecó,Questões Comentadas + Simulado,"A partir de R$ 22,90","Pagamento Único, Sem Mensal.",Prova em 20/12,Teoria na Ordem do Edital,Apostila em PDF com questões comentadas e simulado online. Prova em 20/12.,"Teoria na ordem do edital, com dicas e resumos. Download liberado após pagamento por PIX."
SIBRAP - Apostilas Concursos Municipais,Benedito Novo - Aux Sala,,,,,,,,,,,,,,,,
SIBRAP - Apostilas Concursos Municipais,Benedito Novo - Aux Sala,apostila concurso Benedito Novo,Phrase,,,,,,,,,,,,,,
SIBRAP - Apostilas Concursos Municipais,Benedito Novo - Aux Sala,apostila Benedito Novo auxiliar de sala e de unidade escolar,Phrase,,,,,,,,,,,,,,
SIBRAP - Apostilas Concursos Municipais,Benedito Novo - Aux Sala,concurso Benedito Novo SC edital,Phrase,,,,,,,,,,,,,,
SIBRAP - Apostilas Concursos Municipais,Benedito Novo - Aux Sala,concurso Benedito Novo auxiliar de sala e de unidade escolar,Phrase,,,,,,,,,,,,,,
SIBRAP - Apostilas Concursos Municipais,Benedito Novo - Aux Sala,apostila concurso Benedito Novo SC,Exact,,,,,,,,,,,,,,
SIBRAP - Apostilas Concursos Municipais,Benedito Novo - Aux Sala,edital Benedito Novo 2026,Phrase,,,,,,,,,,,,,,
SIBRAP - Apostilas Concursos Municipais,Benedito Novo - Aux Sala,,,Responsive search ad,https://sibrap.tec.br/apostilas/benedito-novo-auxiliar-sala-unidade-escolar,apostila,benedito-novo,Apostila Benedito Novo,Concurso Benedito Novo SC 2026,Estude p/ Benedito Novo,Questões Comentadas + Simulado,"A partir de R$ 19,90","Pagamento Único, Sem Mensal.",Prova em 15/11,Teoria na Ordem do Edital,Apostila em PDF com questões comentadas e simulado online. Prova em 15/11.,"Teoria na ordem do edital, com dicas e resumos. Download liberado após pagamento por PIX."
SIBRAP - Apostilas Concursos Municipais,Porto Velho - Prof Series Iniciais,,,,,,,,,,,,,,,,
SIBRAP - Apostilas Concursos Municipais,Porto Velho - Prof Series Iniciais,apostila concurso Porto Velho,Phrase,,,,,,,,,,,,,,
SIBRAP - Apostilas Concursos Municipais,Porto Velho - Prof Series Iniciais,apostila Porto Velho professor nível ii séries iniciais,Phrase,,,,,,,,,,,,,,
SIBRAP - Apostilas Concursos Municipais,Porto Velho - Prof Series Iniciais,concurso Porto Velho RO edital,Phrase,,,,,,,,,,,,,,
SIBRAP - Apostilas Concursos Municipais,Porto Velho - Prof Series Iniciais,concurso Porto Velho professor nível ii séries iniciais,Phrase,,,,,,,,,,,,,,
SIBRAP - Apostilas Concursos Municipais,Porto Velho - Prof Series Iniciais,apostila concurso Porto Velho RO,Exact,,,,,,,,,,,,,,
SIBRAP - Apostilas Concursos Municipais,Porto Velho - Prof Series Iniciais,edital Porto Velho 2026,Phrase,,,,,,,,,,,,,,
SIBRAP - Apostilas Concursos Municipais,Porto Velho - Prof Series Iniciais,,,Responsive search ad,https://sibrap.tec.br/apostilas/porto-velho-professor-series-iniciais,apostila,porto-velho,Apostila Concurso Porto Velho,Concurso Porto Velho RO 2026,Estude p/ Concurso Porto Velho,Questões Comentadas + Simulado,"A partir de R$ 29,90","Pagamento Único, Sem Mensal.",Prova em 06/12,Teoria na Ordem do Edital,Apostila em PDF com questões comentadas e simulado online. Prova em 06/12.,"Teoria na ordem do edital, com dicas e resumos. Download liberado após pagamento por PIX."
SIBRAP - Apostilas Concursos Municipais,,grátis,Campaign negative phrase,,,,,,,,,,,,,,
SIBRAP - Apostilas Concursos Municipais,,gratis,Campaign negative phrase,,,,,,,,,,,,,,
SIBRAP - Apostilas Concursos Municipais,,pdf grátis,Campaign negative phrase,,,,,,,,,,,,,,
SIBRAP - Apostilas Concursos Municipais,,download grátis,Campaign negative phrase,,,,,,,,,,,,,,
SIBRAP - Apostilas Concursos Municipais,,gabarito,Campaign negative phrase,,,,,,,,,,,,,,
SIBRAP - Apostilas Concursos Municipais,,prova anterior,Campaign negative phrase,,,,,,,,,,,,,,
SIBRAP - Apostilas Concursos Municipais,,torrent,Campaign negative phrase,,,,,,,,,,,,,,
SIBRAP - Apostilas Concursos Municipais,,baixar,Campaign negative phrase,,,,,,,,,,,,,,
SIBRAP - Apostilas Concursos Municipais,,pdf gratuito,Campaign negative phrase,,,,,,,,,,,,,,
SIBRAP - Apostilas Concursos Municipais,,prova pdf,Campaign negative phrase,,,,,,,,,,,,,,
